{
    "SedanAndHatchback/Car": [
        {
            "location": [
                5.478104114532471,
                -2.599588394165039,
                0.09166844934225082
            ],
            "rotation": [
                0.0,
                0.0,
                0.0
            ]
        },
        {
            "location": [
                16.80976676940918,
                -14.051344871520996,
                0.018432363867759705
            ],
            "rotation": [
                0.0,
                0.0,
                0.0
            ]
        },
        {
            "location": [
                7.3074140548706055,
                -4.779693603515625,
                0.08473186939954758
            ],
            "rotation": [
                0.0,
                0.0,
                0.0
            ]
        },
        {
            "location": [
                8.804884910583496,
                -5.553986549377441,
                0.06564433127641678
            ],
            "rotation": [
                0.0,
                0.0,
                0.0
            ]
        }
    ]
}