{
    "SedanAndHatchback": [
        {
            "location": [
                24.406951904296875,
                -11.442755699157715,
                -0.10554708540439606
            ],
            "rotation": [
                0.0,
                0.0,
                0.0
            ]
        },
        {
            "location": [
                9.856755256652832,
                2.5977258682250977,
                0.055206429213285446
            ],
            "rotation": [
                0.0,
                0.0,
                0.0
            ]
        },
        {
            "location": [
                7.929073810577393,
                -0.9939765930175781,
                0.0679749846458435
            ],
            "rotation": [
                0.0,
                0.0,
                0.0
            ]
        }
    ]
}