{
    "SedanAndHatchback": [
        {
            "location": [
                19.356910705566406,
                0.3677898001998259,
                0.0
            ],
            "rotation": [
                0.0,
                0.0,
                0.0
            ]
        }
    ]
}