{
    "SedanAndHatchback": [
        {
            "location": [
                12.439971923828125,
                0.3915896415710449,
                -0.08076604455709457
            ],
            "rotation": [
                0.0,
                0.0,
                0.0
            ]
        }
    ]
}